"min_hours","p25_hours","median_hours","p90_hours","max_hours","num_pairs"
"0.0002777777777777778","0.0636111111111111","0.21861111111111112","21.05444444444445","35617.46916666667","11362762"